INSERT INTO accounts (name, bio, is_seller)
VALUES
    ('Steamy', 'The longest place name still in use is: Taumatawhakatangihangaoauauotameteat uripukakapikimaungahoronukupokaiwhenua kitanatahu', true),
    ('GatoCetic', 'The strongest muscle in the body is the tongue.', true),
    ('GnomeBinder', 'In Israel, it is illegal to bring bears to the beach.', true),
    ('EarMellowGinger', 'Cheese is the most shoplifted food in the world.', false),
    ('RealJuz', 'Every Pixar movie contains a reference to the Pixar movie that comes after it.', false),
    ('RayHeart', 'Cheese is the most shoplifted food in the world.', true);


INSERT INTO countries (name, shipping_fee)
VALUES
    ('Armenia', 3.68),
    ('Australia', 15.5),
    ('Bahamas', 47.64),
    ('Brazil', 29.65),
    ('Canada', 9.79),
    ('China', 13.45),
    ('Germany', 19.48);


SET @absolute_path = 'F:/Programming/Kotlin/steamy-online-shopping-backend';

INSERT INTO products (name, description, image, rating, price, sales, stocks, category, brand, date_created, seller, country_origin, shipping_origin, shipping_fee, is_popular)
VALUES
	('Intel Pentium Silver N5000', 'Ah, it is a rock, though. Should beat everything. Gob: There\'s not a lot of logic to it. I thought the two of us could talk man-on-man. In prison, you just have to close your eyes and take it, but here you have to close your eyes and give it. No. I was ashamed to be _seen_ with you. I like being with you.\n\nDouche chill! Turn this skiff around!\n\nWell excuse me for liking the way they frame my junk! There\'s a new daddy in town. A discipline daddy. Heart attack never stopped old big bear. I didn\'t mean who… I meant… her? Pound is tic-tac-toe right? I will pack your sweet pink mouth with so much ice cream you\'ll be the envy of every Jerry and Jane on the block! But I\'m the oldest. The matriarch if you will. It seems like only yesterday you were bursting forth from your mother\'s fertile womb.', LOAD_FILE( CONCAT( @absolute_path, '/images/processors/processor_5.jpg' ) ), 1.83, 276.0, 17700, 4094, 'Components', 'Intel', '2013-4-14', 'GatoCetic', 'Armenia', 'Germany', 43.44, true),

	('ASRock MORTAR WIFI DDR5 PRO MAX', 'Massa massa ultricies mi quis. Hendrerit gravida rutrum quisque non tellus orci ac. Ut aliquam purus sit amet luctus. Molestie ac feugiat sed lectus. Sollicitudin aliquam ultrices sagittis orci. Enim praesent elementum facilisis leo vel fringilla. Consectetur adipiscing elit duis tristique sollicitudin nibh sit amet commodo. Urna nunc id cursus metus aliquam eleifend. Turpis massa sed elementum tempus egestas sed. Enim eu turpis egestas pretium. Tristique sollicitudin nibh sit amet commodo nulla. Est pellentesque elit ullamcorper dignissim cras. Eu sem integer vitae justo eget magna fermentum iaculis. Et tortor at risus viverra adipiscing at. Ipsum dolor sit amet consectetur adipiscing. Iaculis at erat pellentesque adipiscing commodo elit.', LOAD_FILE(CONCAT( @absolute_path, '/images/motherboard/motherboard_2.jpg' )), 2.93, 300.0, 10609, 2954, 'Components', 'ASRock', '2012-2-21', 'GatoCetic', 'Bahamas', 'Australia', 36.41, false),

	('1TB 6969 RPM NAS Hard Disk Drive', 'I\'m baby pabst poutine master cleanse subway tile fam praxis shabby chic intelligentsia portland pork belly affogato man bun mumblecore. Live-edge pork belly tilde marfa, iPhone taxidermy jianbing prism woke edison bulb intelligentsia. Pork belly freegan street art, DSA swag copper mug migas mixtape irony humblebrag yes plz heirloom fam microdosing. Franzen distillery crucifix farm-to-table food truck organic. Bitters aesthetic tote bag echo park neutra ethical.\n\nNormcore VHS cliche wolf. Actually pour-over synth ugh ennui shoreditch tumblr artisan you probably haven\'t heard of them hell of put a bird on it asymmetrical. Cold-pressed cliche venmo mustache distillery fixie 8-bit deep v cred taiyaki pour-over palo santo. Pitchfork meditation mustache jean shorts.', LOAD_FILE( CONCAT( @absolute_path, '/images/motherboard/motherboard_1.jpg' ) ), 3.16, 132.58, 4668, 794, 'Components', 'null', '2004-9-26', 'GnomeBinder', 'Brazil', 'Australia', 36.41, false),

	('Bose Wireless Phone', 'Godfather ipsum dolor sit amet. What\'s the matter with you? Is this what you\'ve become, a Hollywood finocchio who cries like a woman? "Oh, what do I do? What do I do?" What is that nonsense? Ridiculous! My father\'s name was Antonio Andolini... and this is for you. I\'m your older brother, Mike, and I was stepped over! In Sicily, women are more dangerous than shotguns. Hey, listen, I want somebody good - and I mean very good - to plant that gun. I don\'t want my brother coming out of that toilet with just his dick in his hands, alright?\n\nYour enemies always get strong on what you leave behind. don\'t ever give an order like that again. Not while I\'m alive. When they come... they come at what you love. I have a sentimental weakness for my children and I spoil them, as you can see. They talk when they should listen. Mr Corleone is Johnny Fontane\'s godfather. Now Italians regard that as a very close, a very sacred religious relationship.', LOAD_FILE( CONCAT( @absolute_path, '/images/electronics/electronics_3.jpg' ) ), 3.76, 274.97, 19335, 2816, 'Electronics', 'Bose', '2003-2-21', 'RayHeart', 'China', 'Armenia', 39.92, true),

	('Rechargable Wireless Gaming Keyboard', 'Godfather ipsum dolor sit amet. What\'s the matter with you? Is this what you\'ve become, a Hollywood finocchio who cries like a woman? "Oh, what do I do? What do I do?" What is that nonsense? Ridiculous! My father\'s name was Antonio Andolini... and this is for you. I\'m your older brother, Mike, and I was stepped over! In Sicily, women are more dangerous than shotguns. Hey, listen, I want somebody good - and I mean very good - to plant that gun. I don\'t want my brother coming out of that toilet with just his dick in his hands, alright?\n\nYour enemies always get strong on what you leave behind. don\'t ever give an order like that again. Not while I\'m alive. When they come... they come at what you love. I have a sentimental weakness for my children and I spoil them, as you can see. They talk when they should listen. Mr Corleone is Johnny Fontane\'s godfather. Now Italians regard that as a very close, a very sacred religious relationship.', LOAD_FILE( CONCAT( @absolute_path, '/images/gaming/gaming_5.jpg' ) ), 2.45, 18.9, 16377, 2286, 'Gaming', 'null', '2013-4-11', 'GnomeBinder', 'Bahamas', 'Brazil', 42.1, false),

	('Pulsar Gas-Powered Inverter Reciprocating Saw', 'Blue castello the big cheese cheese slices. Cheese on toast monterey jack paneer mozzarella red leicester goat roquefort bavarian bergkase. Cheese on toast edam blue castello ricotta everyone loves swiss port-salut manchego. Red leicester.\n\nPecorino macaroni cheese st. agur blue cheese. Edam pecorino bocconcini cream cheese boursin queso cauliflower cheese gouda. Cut the cheese cow halloumi pepper jack cheesecake cauliflower cheese who moved my cheese jarlsberg. Babybel cheese strings boursin mascarpone say cheese who moved my cheese hard cheese.', LOAD_FILE( CONCAT( @absolute_path, '/images/hometools/hometools_1.jpg' ) ), 2.88, 276.0, 4229, 3555, 'HomeTools', 'Pulsar', '2016-8-15', 'GatoCetic', 'Bahamas', 'Armenia', 39.92, true),

	('Microsoft Server Windows 10 Home Pro Ultimate Mega', 'Blue castello the big cheese cheese slices. Cheese on toast monterey jack paneer mozzarella red leicester goat roquefort bavarian bergkase. Cheese on toast edam blue castello ricotta everyone loves swiss port-salut manchego. Red leicester.\n\nPecorino macaroni cheese st. agur blue cheese. Edam pecorino bocconcini cream cheese boursin queso cauliflower cheese gouda. Cut the cheese cow halloumi pepper jack cheesecake cauliflower cheese who moved my cheese jarlsberg. Babybel cheese strings boursin mascarpone say cheese who moved my cheese hard cheese.', LOAD_FILE( CONCAT( @absolute_path, '/images/software/software_1.jpg' ) ), 2.08, 240.0, 9643, 1305, 'Software', 'Microsoft', '2005-1-21', 'GatoCetic', 'China', 'China', 46.42, false),

	('Holystone HS470 Advanced Photography Drone', 'Massa massa ultricies mi quis. Hendrerit gravida rutrum quisque non tellus orci ac. Ut aliquam purus sit amet luctus. Molestie ac feugiat sed lectus. Sollicitudin aliquam ultrices sagittis orci. Enim praesent elementum facilisis leo vel fringilla. Consectetur adipiscing elit duis tristique sollicitudin nibh sit amet commodo. Urna nunc id cursus metus aliquam eleifend. Turpis massa sed elementum tempus egestas sed. Enim eu turpis egestas pretium. Tristique sollicitudin nibh sit amet commodo nulla. Est pellentesque elit ullamcorper dignissim cras. Eu sem integer vitae justo eget magna fermentum iaculis. Et tortor at risus viverra adipiscing at. Ipsum dolor sit amet consectetur adipiscing. Iaculis at erat pellentesque adipiscing commodo elit.', LOAD_FILE( CONCAT( @absolute_path, '/images/toysdrones/toysdrones_5.jpg' ) ), 3.11, 525.0, 14966, 3409, 'ToysDrones', 'Holystone', '2016-6-10', 'GnomeBinder', 'Armenia', 'Armenia', 39.92, true),

	('AMD A8-6700K', 'Blue castello the big cheese cheese slices. Cheese on toast monterey jack paneer mozzarella red leicester goat roquefort bavarian bergkase. Cheese on toast edam blue castello ricotta everyone loves swiss port-salut manchego. Red leicester.\n\nPecorino macaroni cheese st. agur blue cheese. Edam pecorino bocconcini cream cheese boursin queso cauliflower cheese gouda. Cut the cheese cow halloumi pepper jack cheesecake cauliflower cheese who moved my cheese jarlsberg. Babybel cheese strings boursin mascarpone say cheese who moved my cheese hard cheese.', LOAD_FILE( CONCAT( @absolute_path, '/images/processors/processor_5.jpg' ) ), 2.72, 1979.0, 16117, 4147, 'Components', 'AMD', '2015-10-27', 'Steamy', 'China', 'Armenia', 39.92, true),

	('MSI PRO AX DDR4 PRO MAX', 'Massa massa ultricies mi quis. Hendrerit gravida rutrum quisque non tellus orci ac. Ut aliquam purus sit amet luctus. Molestie ac feugiat sed lectus. Sollicitudin aliquam ultrices sagittis orci. Enim praesent elementum facilisis leo vel fringilla. Consectetur adipiscing elit duis tristique sollicitudin nibh sit amet commodo. Urna nunc id cursus metus aliquam eleifend. Turpis massa sed elementum tempus egestas sed. Enim eu turpis egestas pretium. Tristique sollicitudin nibh sit amet commodo nulla. Est pellentesque elit ullamcorper dignissim cras. Eu sem integer vitae justo eget magna fermentum iaculis. Et tortor at risus viverra adipiscing at. Ipsum dolor sit amet consectetur adipiscing. Iaculis at erat pellentesque adipiscing commodo elit.', LOAD_FILE(CONCAT( @absolute_path, '/images/motherboard/motherboard_1.jpg' )), 4.7, 719.6, 1095, 4285, 'Components', 'MSI', '2005-4-9', 'GnomeBinder', 'China', 'Armenia', 39.92, false),

	('500GB 5400 RPM NAS Hard Disk Drive', 'Ah, it is a rock, though. Should beat everything. Gob: There\'s not a lot of logic to it. I thought the two of us could talk man-on-man. In prison, you just have to close your eyes and take it, but here you have to close your eyes and give it. No. I was ashamed to be _seen_ with you. I like being with you.\n\nDouche chill! Turn this skiff around!\n\nWell excuse me for liking the way they frame my junk! There\'s a new daddy in town. A discipline daddy. Heart attack never stopped old big bear. I didn\'t mean who… I meant… her? Pound is tic-tac-toe right? I will pack your sweet pink mouth with so much ice cream you\'ll be the envy of every Jerry and Jane on the block! But I\'m the oldest. The matriarch if you will. It seems like only yesterday you were bursting forth from your mother\'s fertile womb.', LOAD_FILE( CONCAT( @absolute_path, '/images/motherboard/motherboard_3.jpg' ) ), 3.09, 0.0, 15773, 122, 'Components', 'null', '2006-1-16', 'Steamy', 'Australia', 'Armenia', 39.92, true),

	('LG Multi Mode Activated Phone', 'Blue castello the big cheese cheese slices. Cheese on toast monterey jack paneer mozzarella red leicester goat roquefort bavarian bergkase. Cheese on toast edam blue castello ricotta everyone loves swiss port-salut manchego. Red leicester.\n\nPecorino macaroni cheese st. agur blue cheese. Edam pecorino bocconcini cream cheese boursin queso cauliflower cheese gouda. Cut the cheese cow halloumi pepper jack cheesecake cauliflower cheese who moved my cheese jarlsberg. Babybel cheese strings boursin mascarpone say cheese who moved my cheese hard cheese.', LOAD_FILE( CONCAT( @absolute_path, '/images/electronics/electronics_5.jpg' ) ), 2.18, 0.0, 7144, 3057, 'Electronics', 'LG', '2013-9-11', 'GnomeBinder', 'China', 'Bahamas', 8.42, false),

	('Ludus ESWAP X PRO Keyboard', 'Massa massa ultricies mi quis. Hendrerit gravida rutrum quisque non tellus orci ac. Ut aliquam purus sit amet luctus. Molestie ac feugiat sed lectus. Sollicitudin aliquam ultrices sagittis orci. Enim praesent elementum facilisis leo vel fringilla. Consectetur adipiscing elit duis tristique sollicitudin nibh sit amet commodo. Urna nunc id cursus metus aliquam eleifend. Turpis massa sed elementum tempus egestas sed. Enim eu turpis egestas pretium. Tristique sollicitudin nibh sit amet commodo nulla. Est pellentesque elit ullamcorper dignissim cras. Eu sem integer vitae justo eget magna fermentum iaculis. Et tortor at risus viverra adipiscing at. Ipsum dolor sit amet consectetur adipiscing. Iaculis at erat pellentesque adipiscing commodo elit.', LOAD_FILE( CONCAT( @absolute_path, '/images/gaming/gaming_5.jpg' ) ), 4.95, 119.98, 19530, 681, 'Gaming', 'Ludus', '2017-6-10', 'Steamy', 'Bahamas', 'Brazil', 42.1, false),

	('Pulsar Stringer Trimmer Screwdriver', 'Blue castello the big cheese cheese slices. Cheese on toast monterey jack paneer mozzarella red leicester goat roquefort bavarian bergkase. Cheese on toast edam blue castello ricotta everyone loves swiss port-salut manchego. Red leicester.\n\nPecorino macaroni cheese st. agur blue cheese. Edam pecorino bocconcini cream cheese boursin queso cauliflower cheese gouda. Cut the cheese cow halloumi pepper jack cheesecake cauliflower cheese who moved my cheese jarlsberg. Babybel cheese strings boursin mascarpone say cheese who moved my cheese hard cheese.', LOAD_FILE( CONCAT( @absolute_path, '/images/hometools/hometools_1.jpg' ) ), 2.94, 1570.2, 22378, 57, 'HomeTools', 'Pulsar', '2014-10-18', 'Steamy', 'China', 'Germany', 43.44, true),

	('Microsoft Office Home & Business 2069', 'Ah, it is a rock, though. Should beat everything. Gob: There\'s not a lot of logic to it. I thought the two of us could talk man-on-man. In prison, you just have to close your eyes and take it, but here you have to close your eyes and give it. No. I was ashamed to be _seen_ with you. I like being with you.\n\nDouche chill! Turn this skiff around!\n\nWell excuse me for liking the way they frame my junk! There\'s a new daddy in town. A discipline daddy. Heart attack never stopped old big bear. I didn\'t mean who… I meant… her? Pound is tic-tac-toe right? I will pack your sweet pink mouth with so much ice cream you\'ll be the envy of every Jerry and Jane on the block! But I\'m the oldest. The matriarch if you will. It seems like only yesterday you were bursting forth from your mother\'s fertile womb.', LOAD_FILE( CONCAT( @absolute_path, '/images/software/software_3.jpg' ) ), 3.59, 2180.8, 5053, 4489, 'Software', 'Microsoft', '2008-6-17', 'Steamy', 'Germany', 'Germany', 43.44, false),

	('DOTSOG Racing Fast Efficient Speed Racing Car', 'Blue castello the big cheese cheese slices. Cheese on toast monterey jack paneer mozzarella red leicester goat roquefort bavarian bergkase. Cheese on toast edam blue castello ricotta everyone loves swiss port-salut manchego. Red leicester.\n\nPecorino macaroni cheese st. agur blue cheese. Edam pecorino bocconcini cream cheese boursin queso cauliflower cheese gouda. Cut the cheese cow halloumi pepper jack cheesecake cauliflower cheese who moved my cheese jarlsberg. Babybel cheese strings boursin mascarpone say cheese who moved my cheese hard cheese.', LOAD_FILE( CONCAT( @absolute_path, '/images/toysdrones/toysdrones_5.jpg' ) ), 1.48, 0.0, 1339, 1873, 'ToysDrones', 'DOTSOG', '2020-3-17', 'RayHeart', 'Canada', 'Australia', 36.41, false),

	('AMD i3-N5000', 'I\'m baby pabst poutine master cleanse subway tile fam praxis shabby chic intelligentsia portland pork belly affogato man bun mumblecore. Live-edge pork belly tilde marfa, iPhone taxidermy jianbing prism woke edison bulb intelligentsia. Pork belly freegan street art, DSA swag copper mug migas mixtape irony humblebrag yes plz heirloom fam microdosing. Franzen distillery crucifix farm-to-table food truck organic. Bitters aesthetic tote bag echo park neutra ethical.\n\nNormcore VHS cliche wolf. Actually pour-over synth ugh ennui shoreditch tumblr artisan you probably haven\'t heard of them hell of put a bird on it asymmetrical. Cold-pressed cliche venmo mustache distillery fixie 8-bit deep v cred taiyaki pour-over palo santo. Pitchfork meditation mustache jean shorts.', LOAD_FILE( CONCAT( @absolute_path, '/images/processors/processor_3.jpg' ) ), 1.39, 328.0, 4563, 1454, 'Components', 'AMD', '2014-6-27', 'GatoCetic', 'Canada', 'Canada', 37.01, false),

	('ASUS GAMING EDGE PRO MAX', 'Lorem ipsum dolor sit amet, consectetur adipiscing elit, sed do eiusmod tempor incididunt ut labore et dolore magna aliqua. Nisl vel pretium lectus quam id leo in vitae turpis. Velit scelerisque in dictum non consectetur a erat nam. Erat pellentesque adipiscing commodo elit at imperdiet dui accumsan sit. Id neque aliquam vestibulum morbi blandit cursus risus at. Integer vitae justo eget magna fermentum iaculis eu non. Tempus egestas sed sed risus. Viverra maecenas accumsan lacus vel facilisis volutpat. Fusce ut placerat orci nulla pellentesque dignissim. Amet porttitor eget dolor morbi non. Libero id faucibus nisl tincidunt. Enim tortor at auctor urna nunc id cursus metus aliquam. Consequat interdum varius sit amet mattis vulputate enim nulla. Quis blandit turpis cursus in hac. Ac tincidunt vitae semper quis.', LOAD_FILE(CONCAT( @absolute_path, '/images/motherboard/motherboard_3.jpg' )), 4.73, 112.48, 23086, 2283, 'Components', 'ASUS', '2016-7-3', 'RayHeart', 'Armenia', 'Bahamas', 8.42, true),

	('MSI 1TB 6969 RPM Special Edition Fire External Hard Drive', 'Godfather ipsum dolor sit amet. What\'s the matter with you? Is this what you\'ve become, a Hollywood finocchio who cries like a woman? "Oh, what do I do? What do I do?" What is that nonsense? Ridiculous! My father\'s name was Antonio Andolini... and this is for you. I\'m your older brother, Mike, and I was stepped over! In Sicily, women are more dangerous than shotguns. Hey, listen, I want somebody good - and I mean very good - to plant that gun. I don\'t want my brother coming out of that toilet with just his dick in his hands, alright?\n\nYour enemies always get strong on what you leave behind. don\'t ever give an order like that again. Not while I\'m alive. When they come... they come at what you love. I have a sentimental weakness for my children and I spoil them, as you can see. They talk when they should listen. Mr Corleone is Johnny Fontane\'s godfather. Now Italians regard that as a very close, a very sacred religious relationship.', LOAD_FILE( CONCAT( @absolute_path, '/images/motherboard/motherboard_4.jpg' ) ), 2.41, 214.48, 7923, 1560, 'Components', 'MSI', '2013-4-25', 'Steamy', 'Brazil', 'Bahamas', 8.42, true),

	('Sony Thermal Imaging Camera', 'Godfather ipsum dolor sit amet. What\'s the matter with you? Is this what you\'ve become, a Hollywood finocchio who cries like a woman? "Oh, what do I do? What do I do?" What is that nonsense? Ridiculous! My father\'s name was Antonio Andolini... and this is for you. I\'m your older brother, Mike, and I was stepped over! In Sicily, women are more dangerous than shotguns. Hey, listen, I want somebody good - and I mean very good - to plant that gun. I don\'t want my brother coming out of that toilet with just his dick in his hands, alright?\n\nYour enemies always get strong on what you leave behind. don\'t ever give an order like that again. Not while I\'m alive. When they come... they come at what you love. I have a sentimental weakness for my children and I spoil them, as you can see. They talk when they should listen. Mr Corleone is Johnny Fontane\'s godfather. Now Italians regard that as a very close, a very sacred religious relationship.', LOAD_FILE( CONCAT( @absolute_path, '/images/electronics/electronics_2.jpg' ) ), 2.05, 328.0, 19462, 2121, 'Electronics', 'Sony', '2005-3-14', 'GnomeBinder', 'China', 'China', 46.42, true),

	('Downix L Shaped Gaming Chair', 'Massa massa ultricies mi quis. Hendrerit gravida rutrum quisque non tellus orci ac. Ut aliquam purus sit amet luctus. Molestie ac feugiat sed lectus. Sollicitudin aliquam ultrices sagittis orci. Enim praesent elementum facilisis leo vel fringilla. Consectetur adipiscing elit duis tristique sollicitudin nibh sit amet commodo. Urna nunc id cursus metus aliquam eleifend. Turpis massa sed elementum tempus egestas sed. Enim eu turpis egestas pretium. Tristique sollicitudin nibh sit amet commodo nulla. Est pellentesque elit ullamcorper dignissim cras. Eu sem integer vitae justo eget magna fermentum iaculis. Et tortor at risus viverra adipiscing at. Ipsum dolor sit amet consectetur adipiscing. Iaculis at erat pellentesque adipiscing commodo elit.', LOAD_FILE( CONCAT( @absolute_path, '/images/gaming/gaming_1.jpg' ) ), 3.62, 1488.69, 11848, 2874, 'Gaming', 'Downix', '2019-7-6', 'GnomeBinder', 'Germany', 'China', 46.42, true),

	('Pulsar Refurbished S5 Max Reciprocating Saw', 'Godfather ipsum dolor sit amet. What\'s the matter with you? Is this what you\'ve become, a Hollywood finocchio who cries like a woman? "Oh, what do I do? What do I do?" What is that nonsense? Ridiculous! My father\'s name was Antonio Andolini... and this is for you. I\'m your older brother, Mike, and I was stepped over! In Sicily, women are more dangerous than shotguns. Hey, listen, I want somebody good - and I mean very good - to plant that gun. I don\'t want my brother coming out of that toilet with just his dick in his hands, alright?\n\nYour enemies always get strong on what you leave behind. don\'t ever give an order like that again. Not while I\'m alive. When they come... they come at what you love. I have a sentimental weakness for my children and I spoil them, as you can see. They talk when they should listen. Mr Corleone is Johnny Fontane\'s godfather. Now Italians regard that as a very close, a very sacred religious relationship.', LOAD_FILE( CONCAT( @absolute_path, '/images/hometools/hometools_4.jpg' ) ), 4.18, 719.6, 4019, 1150, 'HomeTools', 'Pulsar', '2020-5-25', 'RayHeart', 'Armenia', 'Canada', 37.01, false),

	('Apple Semi-functioning Software', 'I\'m baby pabst poutine master cleanse subway tile fam praxis shabby chic intelligentsia portland pork belly affogato man bun mumblecore. Live-edge pork belly tilde marfa, iPhone taxidermy jianbing prism woke edison bulb intelligentsia. Pork belly freegan street art, DSA swag copper mug migas mixtape irony humblebrag yes plz heirloom fam microdosing. Franzen distillery crucifix farm-to-table food truck organic. Bitters aesthetic tote bag echo park neutra ethical.\n\nNormcore VHS cliche wolf. Actually pour-over synth ugh ennui shoreditch tumblr artisan you probably haven\'t heard of them hell of put a bird on it asymmetrical. Cold-pressed cliche venmo mustache distillery fixie 8-bit deep v cred taiyaki pour-over palo santo. Pitchfork meditation mustache jean shorts.', LOAD_FILE( CONCAT( @absolute_path, '/images/software/software_5.jpg' ) ), 3.58, 2400.0, 15261, 1642, 'Software', 'Apple', '2008-7-22', 'GatoCetic', 'Brazil', 'China', 46.42, true),

	('APEX FPV GPS with 4K UHD EIS Camera Racing Car', 'Ah, it is a rock, though. Should beat everything. Gob: There\'s not a lot of logic to it. I thought the two of us could talk man-on-man. In prison, you just have to close your eyes and take it, but here you have to close your eyes and give it. No. I was ashamed to be _seen_ with you. I like being with you.\n\nDouche chill! Turn this skiff around!\n\nWell excuse me for liking the way they frame my junk! There\'s a new daddy in town. A discipline daddy. Heart attack never stopped old big bear. I didn\'t mean who… I meant… her? Pound is tic-tac-toe right? I will pack your sweet pink mouth with so much ice cream you\'ll be the envy of every Jerry and Jane on the block! But I\'m the oldest. The matriarch if you will. It seems like only yesterday you were bursting forth from your mother\'s fertile womb.', LOAD_FILE( CONCAT( @absolute_path, '/images/toysdrones/toysdrones_4.jpg' ) ), 3.65, 719.6, 1186, 1015, 'ToysDrones', 'APEX FPV', '2007-10-9', 'Steamy', 'Germany', 'Germany', 43.44, true),

	('Intel A10-N5000', 'I\'m baby pabst poutine master cleanse subway tile fam praxis shabby chic intelligentsia portland pork belly affogato man bun mumblecore. Live-edge pork belly tilde marfa, iPhone taxidermy jianbing prism woke edison bulb intelligentsia. Pork belly freegan street art, DSA swag copper mug migas mixtape irony humblebrag yes plz heirloom fam microdosing. Franzen distillery crucifix farm-to-table food truck organic. Bitters aesthetic tote bag echo park neutra ethical.\n\nNormcore VHS cliche wolf. Actually pour-over synth ugh ennui shoreditch tumblr artisan you probably haven\'t heard of them hell of put a bird on it asymmetrical. Cold-pressed cliche venmo mustache distillery fixie 8-bit deep v cred taiyaki pour-over palo santo. Pitchfork meditation mustache jean shorts.', LOAD_FILE( CONCAT( @absolute_path, '/images/processors/processor_3.jpg' ) ), 3.28, 1979.0, 14398, 1409, 'Components', 'Intel', '2017-11-10', 'RayHeart', 'China', 'Bahamas', 8.42, true),

	('GIGABYTE PRO AX DDR4 PRO MAX', 'Blue castello the big cheese cheese slices. Cheese on toast monterey jack paneer mozzarella red leicester goat roquefort bavarian bergkase. Cheese on toast edam blue castello ricotta everyone loves swiss port-salut manchego. Red leicester.\n\nPecorino macaroni cheese st. agur blue cheese. Edam pecorino bocconcini cream cheese boursin queso cauliflower cheese gouda. Cut the cheese cow halloumi pepper jack cheesecake cauliflower cheese who moved my cheese jarlsberg. Babybel cheese strings boursin mascarpone say cheese who moved my cheese hard cheese.', LOAD_FILE(CONCAT( @absolute_path, '/images/motherboard/motherboard_3.jpg' )), 2.35, 719.6, 18706, 80, 'Components', 'GIGABYTE', '2015-2-26', 'RayHeart', 'Brazil', 'Australia', 36.41, true),

	('4TB 7200 RPM Special Edition Fire External Hard Drive', 'Massa massa ultricies mi quis. Hendrerit gravida rutrum quisque non tellus orci ac. Ut aliquam purus sit amet luctus. Molestie ac feugiat sed lectus. Sollicitudin aliquam ultrices sagittis orci. Enim praesent elementum facilisis leo vel fringilla. Consectetur adipiscing elit duis tristique sollicitudin nibh sit amet commodo. Urna nunc id cursus metus aliquam eleifend. Turpis massa sed elementum tempus egestas sed. Enim eu turpis egestas pretium. Tristique sollicitudin nibh sit amet commodo nulla. Est pellentesque elit ullamcorper dignissim cras. Eu sem integer vitae justo eget magna fermentum iaculis. Et tortor at risus viverra adipiscing at. Ipsum dolor sit amet consectetur adipiscing. Iaculis at erat pellentesque adipiscing commodo elit.', LOAD_FILE( CONCAT( @absolute_path, '/images/motherboard/motherboard_1.jpg' ) ), 2.78, 18.9, 9830, 455, 'Components', 'null', '2010-8-23', 'GatoCetic', 'China', 'Brazil', 42.1, false),

	('Bose Noise Cancelling Camera', 'I\'m baby pabst poutine master cleanse subway tile fam praxis shabby chic intelligentsia portland pork belly affogato man bun mumblecore. Live-edge pork belly tilde marfa, iPhone taxidermy jianbing prism woke edison bulb intelligentsia. Pork belly freegan street art, DSA swag copper mug migas mixtape irony humblebrag yes plz heirloom fam microdosing. Franzen distillery crucifix farm-to-table food truck organic. Bitters aesthetic tote bag echo park neutra ethical.\n\nNormcore VHS cliche wolf. Actually pour-over synth ugh ennui shoreditch tumblr artisan you probably haven\'t heard of them hell of put a bird on it asymmetrical. Cold-pressed cliche venmo mustache distillery fixie 8-bit deep v cred taiyaki pour-over palo santo. Pitchfork meditation mustache jean shorts.', LOAD_FILE( CONCAT( @absolute_path, '/images/electronics/electronics_3.jpg' ) ), 2.09, 214.48, 13359, 835, 'Electronics', 'Bose', '2021-3-25', 'GatoCetic', 'Armenia', 'China', 46.42, true),

	('Playstation Rechargable Wireless Gaming Keyboard', 'Massa massa ultricies mi quis. Hendrerit gravida rutrum quisque non tellus orci ac. Ut aliquam purus sit amet luctus. Molestie ac feugiat sed lectus. Sollicitudin aliquam ultrices sagittis orci. Enim praesent elementum facilisis leo vel fringilla. Consectetur adipiscing elit duis tristique sollicitudin nibh sit amet commodo. Urna nunc id cursus metus aliquam eleifend. Turpis massa sed elementum tempus egestas sed. Enim eu turpis egestas pretium. Tristique sollicitudin nibh sit amet commodo nulla. Est pellentesque elit ullamcorper dignissim cras. Eu sem integer vitae justo eget magna fermentum iaculis. Et tortor at risus viverra adipiscing at. Ipsum dolor sit amet consectetur adipiscing. Iaculis at erat pellentesque adipiscing commodo elit.', LOAD_FILE( CONCAT( @absolute_path, '/images/gaming/gaming_3.jpg' ) ), 4.78, 18.9, 16683, 3161, 'Gaming', 'Playstation', '2010-5-7', 'RayHeart', 'Germany', 'Canada', 37.01, false),

	('Pulsar Max Lithium-Ion Cordless Screwdriver', 'Ah, it is a rock, though. Should beat everything. Gob: There\'s not a lot of logic to it. I thought the two of us could talk man-on-man. In prison, you just have to close your eyes and take it, but here you have to close your eyes and give it. No. I was ashamed to be _seen_ with you. I like being with you.\n\nDouche chill! Turn this skiff around!\n\nWell excuse me for liking the way they frame my junk! There\'s a new daddy in town. A discipline daddy. Heart attack never stopped old big bear. I didn\'t mean who… I meant… her? Pound is tic-tac-toe right? I will pack your sweet pink mouth with so much ice cream you\'ll be the envy of every Jerry and Jane on the block! But I\'m the oldest. The matriarch if you will. It seems like only yesterday you were bursting forth from your mother\'s fertile womb.', LOAD_FILE( CONCAT( @absolute_path, '/images/hometools/hometools_1.jpg' ) ), 3.85, 1570.2, 22467, 2653, 'HomeTools', 'Pulsar', '2021-4-24', 'RayHeart', 'Brazil', 'Germany', 43.44, true),

	('Apple Office Home & Business 2069', 'Blue castello the big cheese cheese slices. Cheese on toast monterey jack paneer mozzarella red leicester goat roquefort bavarian bergkase. Cheese on toast edam blue castello ricotta everyone loves swiss port-salut manchego. Red leicester.\n\nPecorino macaroni cheese st. agur blue cheese. Edam pecorino bocconcini cream cheese boursin queso cauliflower cheese gouda. Cut the cheese cow halloumi pepper jack cheesecake cauliflower cheese who moved my cheese jarlsberg. Babybel cheese strings boursin mascarpone say cheese who moved my cheese hard cheese.', LOAD_FILE( CONCAT( @absolute_path, '/images/software/software_3.jpg' ) ), 2.78, 18.9, 16929, 3946, 'Software', 'Apple', '2012-6-2', 'GnomeBinder', 'Germany', 'Germany', 43.44, false),

	('APEX FPV HS470 Advanced RC Car', 'Massa massa ultricies mi quis. Hendrerit gravida rutrum quisque non tellus orci ac. Ut aliquam purus sit amet luctus. Molestie ac feugiat sed lectus. Sollicitudin aliquam ultrices sagittis orci. Enim praesent elementum facilisis leo vel fringilla. Consectetur adipiscing elit duis tristique sollicitudin nibh sit amet commodo. Urna nunc id cursus metus aliquam eleifend. Turpis massa sed elementum tempus egestas sed. Enim eu turpis egestas pretium. Tristique sollicitudin nibh sit amet commodo nulla. Est pellentesque elit ullamcorper dignissim cras. Eu sem integer vitae justo eget magna fermentum iaculis. Et tortor at risus viverra adipiscing at. Ipsum dolor sit amet consectetur adipiscing. Iaculis at erat pellentesque adipiscing commodo elit.', LOAD_FILE( CONCAT( @absolute_path, '/images/toysdrones/toysdrones_1.jpg' ) ), 3.82, 0.0, 21042, 4973, 'ToysDrones', 'APEX FPV', '2004-7-8', 'GatoCetic', 'Armenia', 'Australia', 36.41, true),

	('AMD Core 6700K', 'Lorem ipsum dolor sit amet, consectetur adipiscing elit, sed do eiusmod tempor incididunt ut labore et dolore magna aliqua. Nisl vel pretium lectus quam id leo in vitae turpis. Velit scelerisque in dictum non consectetur a erat nam. Erat pellentesque adipiscing commodo elit at imperdiet dui accumsan sit. Id neque aliquam vestibulum morbi blandit cursus risus at. Integer vitae justo eget magna fermentum iaculis eu non. Tempus egestas sed sed risus. Viverra maecenas accumsan lacus vel facilisis volutpat. Fusce ut placerat orci nulla pellentesque dignissim. Amet porttitor eget dolor morbi non. Libero id faucibus nisl tincidunt. Enim tortor at auctor urna nunc id cursus metus aliquam. Consequat interdum varius sit amet mattis vulputate enim nulla. Quis blandit turpis cursus in hac. Ac tincidunt vitae semper quis.', LOAD_FILE( CONCAT( @absolute_path, '/images/processors/processor_3.jpg' ) ), 3.19, 1600.0, 4461, 3602, 'Components', 'AMD', '2010-4-11', 'GnomeBinder', 'Canada', 'Bahamas', 8.42, true),

	('MSI WIFI TOMAHAWK LGA 1700 SATA 6GB/s', 'Godfather ipsum dolor sit amet. What\'s the matter with you? Is this what you\'ve become, a Hollywood finocchio who cries like a woman? "Oh, what do I do? What do I do?" What is that nonsense? Ridiculous! My father\'s name was Antonio Andolini... and this is for you. I\'m your older brother, Mike, and I was stepped over! In Sicily, women are more dangerous than shotguns. Hey, listen, I want somebody good - and I mean very good - to plant that gun. I don\'t want my brother coming out of that toilet with just his dick in his hands, alright?\n\nYour enemies always get strong on what you leave behind. don\'t ever give an order like that again. Not while I\'m alive. When they come... they come at what you love. I have a sentimental weakness for my children and I spoil them, as you can see. They talk when they should listen. Mr Corleone is Johnny Fontane\'s godfather. Now Italians regard that as a very close, a very sacred religious relationship.', LOAD_FILE(CONCAT( @absolute_path, '/images/motherboard/motherboard_4.jpg' )), 1.44, 119.98, 12933, 1656, 'Components', 'MSI', '2013-3-18', 'Steamy', 'Brazil', 'Bahamas', 8.42, true),

	('MSI 1TB 6969 RPM NAS Hard Disk Drive', 'Blue castello the big cheese cheese slices. Cheese on toast monterey jack paneer mozzarella red leicester goat roquefort bavarian bergkase. Cheese on toast edam blue castello ricotta everyone loves swiss port-salut manchego. Red leicester.\n\nPecorino macaroni cheese st. agur blue cheese. Edam pecorino bocconcini cream cheese boursin queso cauliflower cheese gouda. Cut the cheese cow halloumi pepper jack cheesecake cauliflower cheese who moved my cheese jarlsberg. Babybel cheese strings boursin mascarpone say cheese who moved my cheese hard cheese.', LOAD_FILE( CONCAT( @absolute_path, '/images/motherboard/motherboard_1.jpg' ) ), 3.83, 1600.0, 5643, 3143, 'Components', 'MSI', '2017-1-25', 'GatoCetic', 'Australia', 'Brazil', 42.1, false),

	('LG Maximum Factory Quad-Camera Phone', 'Blue castello the big cheese cheese slices. Cheese on toast monterey jack paneer mozzarella red leicester goat roquefort bavarian bergkase. Cheese on toast edam blue castello ricotta everyone loves swiss port-salut manchego. Red leicester.\n\nPecorino macaroni cheese st. agur blue cheese. Edam pecorino bocconcini cream cheese boursin queso cauliflower cheese gouda. Cut the cheese cow halloumi pepper jack cheesecake cauliflower cheese who moved my cheese jarlsberg. Babybel cheese strings boursin mascarpone say cheese who moved my cheese hard cheese.', LOAD_FILE( CONCAT( @absolute_path, '/images/electronics/electronics_5.jpg' ) ), 3.48, 132.58, 1091, 4964, 'Electronics', 'LG', '2005-5-27', 'GatoCetic', 'China', 'Germany', 43.44, true),

	('Ludus L Shaped Gaming Chair', 'Blue castello the big cheese cheese slices. Cheese on toast monterey jack paneer mozzarella red leicester goat roquefort bavarian bergkase. Cheese on toast edam blue castello ricotta everyone loves swiss port-salut manchego. Red leicester.\n\nPecorino macaroni cheese st. agur blue cheese. Edam pecorino bocconcini cream cheese boursin queso cauliflower cheese gouda. Cut the cheese cow halloumi pepper jack cheesecake cauliflower cheese who moved my cheese jarlsberg. Babybel cheese strings boursin mascarpone say cheese who moved my cheese hard cheese.', LOAD_FILE( CONCAT( @absolute_path, '/images/gaming/gaming_5.jpg' ) ), 3.59, 135.95, 11808, 2479, 'Gaming', 'Ludus', '2015-1-9', 'Steamy', 'Germany', 'China', 46.42, false),

	('Porter-Cable Heavy Duty Portable Impact Drill Driver', 'Lorem ipsum dolor sit amet, consectetur adipiscing elit, sed do eiusmod tempor incididunt ut labore et dolore magna aliqua. Nisl vel pretium lectus quam id leo in vitae turpis. Velit scelerisque in dictum non consectetur a erat nam. Erat pellentesque adipiscing commodo elit at imperdiet dui accumsan sit. Id neque aliquam vestibulum morbi blandit cursus risus at. Integer vitae justo eget magna fermentum iaculis eu non. Tempus egestas sed sed risus. Viverra maecenas accumsan lacus vel facilisis volutpat. Fusce ut placerat orci nulla pellentesque dignissim. Amet porttitor eget dolor morbi non. Libero id faucibus nisl tincidunt. Enim tortor at auctor urna nunc id cursus metus aliquam. Consequat interdum varius sit amet mattis vulputate enim nulla. Quis blandit turpis cursus in hac. Ac tincidunt vitae semper quis.', LOAD_FILE( CONCAT( @absolute_path, '/images/hometools/hometools_3.jpg' ) ), 3.5, 112.48, 2070, 738, 'HomeTools', 'Porter-Cable', '2008-4-24', 'Steamy', 'Germany', 'Armenia', 39.92, false),

	('Malwarebytes Server Windows 10 Home Pro Ultimate Mega', 'Massa massa ultricies mi quis. Hendrerit gravida rutrum quisque non tellus orci ac. Ut aliquam purus sit amet luctus. Molestie ac feugiat sed lectus. Sollicitudin aliquam ultrices sagittis orci. Enim praesent elementum facilisis leo vel fringilla. Consectetur adipiscing elit duis tristique sollicitudin nibh sit amet commodo. Urna nunc id cursus metus aliquam eleifend. Turpis massa sed elementum tempus egestas sed. Enim eu turpis egestas pretium. Tristique sollicitudin nibh sit amet commodo nulla. Est pellentesque elit ullamcorper dignissim cras. Eu sem integer vitae justo eget magna fermentum iaculis. Et tortor at risus viverra adipiscing at. Ipsum dolor sit amet consectetur adipiscing. Iaculis at erat pellentesque adipiscing commodo elit.', LOAD_FILE( CONCAT( @absolute_path, '/images/software/software_1.jpg' ) ), 4.57, 0.0, 9402, 4889, 'Software', 'Malwarebytes', '2003-10-20', 'GnomeBinder', 'Brazil', 'Bahamas', 8.42, true),

	('DOTSOG Stabilized 4K HD 2-Axis Monster Car', 'I\'m baby pabst poutine master cleanse subway tile fam praxis shabby chic intelligentsia portland pork belly affogato man bun mumblecore. Live-edge pork belly tilde marfa, iPhone taxidermy jianbing prism woke edison bulb intelligentsia. Pork belly freegan street art, DSA swag copper mug migas mixtape irony humblebrag yes plz heirloom fam microdosing. Franzen distillery crucifix farm-to-table food truck organic. Bitters aesthetic tote bag echo park neutra ethical.\n\nNormcore VHS cliche wolf. Actually pour-over synth ugh ennui shoreditch tumblr artisan you probably haven\'t heard of them hell of put a bird on it asymmetrical. Cold-pressed cliche venmo mustache distillery fixie 8-bit deep v cred taiyaki pour-over palo santo. Pitchfork meditation mustache jean shorts.', LOAD_FILE( CONCAT( @absolute_path, '/images/toysdrones/toysdrones_4.jpg' ) ), 4.52, 300.0, 15120, 657, 'ToysDrones', 'DOTSOG', '2002-11-4', 'Steamy', 'Brazil', 'Bahamas', 8.42, true),

	('AMD i5-5775C', 'Blue castello the big cheese cheese slices. Cheese on toast monterey jack paneer mozzarella red leicester goat roquefort bavarian bergkase. Cheese on toast edam blue castello ricotta everyone loves swiss port-salut manchego. Red leicester.\n\nPecorino macaroni cheese st. agur blue cheese. Edam pecorino bocconcini cream cheese boursin queso cauliflower cheese gouda. Cut the cheese cow halloumi pepper jack cheesecake cauliflower cheese who moved my cheese jarlsberg. Babybel cheese strings boursin mascarpone say cheese who moved my cheese hard cheese.', LOAD_FILE( CONCAT( @absolute_path, '/images/processors/processor_2.jpg' ) ), 4.81, 1600.0, 5593, 4750, 'Components', 'AMD', '2008-5-21', 'GatoCetic', 'Armenia', 'Germany', 43.44, true),

	('ASRock ProArt B660 PRO MAX', 'Massa massa ultricies mi quis. Hendrerit gravida rutrum quisque non tellus orci ac. Ut aliquam purus sit amet luctus. Molestie ac feugiat sed lectus. Sollicitudin aliquam ultrices sagittis orci. Enim praesent elementum facilisis leo vel fringilla. Consectetur adipiscing elit duis tristique sollicitudin nibh sit amet commodo. Urna nunc id cursus metus aliquam eleifend. Turpis massa sed elementum tempus egestas sed. Enim eu turpis egestas pretium. Tristique sollicitudin nibh sit amet commodo nulla. Est pellentesque elit ullamcorper dignissim cras. Eu sem integer vitae justo eget magna fermentum iaculis. Et tortor at risus viverra adipiscing at. Ipsum dolor sit amet consectetur adipiscing. Iaculis at erat pellentesque adipiscing commodo elit.', LOAD_FILE(CONCAT( @absolute_path, '/images/motherboard/motherboard_4.jpg' )), 1.02, 800.0, 6060, 1533, 'Components', 'ASRock', '2003-2-25', 'GatoCetic', 'Canada', 'Brazil', 42.1, false),

	('500GB 5400 RPM NAS Hard Disk Drive', 'Ah, it is a rock, though. Should beat everything. Gob: There\'s not a lot of logic to it. I thought the two of us could talk man-on-man. In prison, you just have to close your eyes and take it, but here you have to close your eyes and give it. No. I was ashamed to be _seen_ with you. I like being with you.\n\nDouche chill! Turn this skiff around!\n\nWell excuse me for liking the way they frame my junk! There\'s a new daddy in town. A discipline daddy. Heart attack never stopped old big bear. I didn\'t mean who… I meant… her? Pound is tic-tac-toe right? I will pack your sweet pink mouth with so much ice cream you\'ll be the envy of every Jerry and Jane on the block! But I\'m the oldest. The matriarch if you will. It seems like only yesterday you were bursting forth from your mother\'s fertile womb.', LOAD_FILE( CONCAT( @absolute_path, '/images/motherboard/motherboard_1.jpg' ) ), 2.45, 719.6, 2740, 1542, 'Components', 'null', '2006-8-20', 'Steamy', 'Armenia', 'Brazil', 42.1, true),

	('Nokia Thermal Imaging Phone', 'Ah, it is a rock, though. Should beat everything. Gob: There\'s not a lot of logic to it. I thought the two of us could talk man-on-man. In prison, you just have to close your eyes and take it, but here you have to close your eyes and give it. No. I was ashamed to be _seen_ with you. I like being with you.\n\nDouche chill! Turn this skiff around!\n\nWell excuse me for liking the way they frame my junk! There\'s a new daddy in town. A discipline daddy. Heart attack never stopped old big bear. I didn\'t mean who… I meant… her? Pound is tic-tac-toe right? I will pack your sweet pink mouth with so much ice cream you\'ll be the envy of every Jerry and Jane on the block! But I\'m the oldest. The matriarch if you will. It seems like only yesterday you were bursting forth from your mother\'s fertile womb.', LOAD_FILE( CONCAT( @absolute_path, '/images/electronics/electronics_6.jpg' ) ), 2.51, 274.97, 18005, 2429, 'Electronics', 'Nokia', '2015-8-18', 'RayHeart', 'China', 'Canada', 37.01, false),

	('Downix ESWAP X PRO Mouse', 'I\'m baby pabst poutine master cleanse subway tile fam praxis shabby chic intelligentsia portland pork belly affogato man bun mumblecore. Live-edge pork belly tilde marfa, iPhone taxidermy jianbing prism woke edison bulb intelligentsia. Pork belly freegan street art, DSA swag copper mug migas mixtape irony humblebrag yes plz heirloom fam microdosing. Franzen distillery crucifix farm-to-table food truck organic. Bitters aesthetic tote bag echo park neutra ethical.\n\nNormcore VHS cliche wolf. Actually pour-over synth ugh ennui shoreditch tumblr artisan you probably haven\'t heard of them hell of put a bird on it asymmetrical. Cold-pressed cliche venmo mustache distillery fixie 8-bit deep v cred taiyaki pour-over palo santo. Pitchfork meditation mustache jean shorts.', LOAD_FILE( CONCAT( @absolute_path, '/images/gaming/gaming_5.jpg' ) ), 1.02, 135.95, 13875, 2077, 'Gaming', 'Downix', '2020-2-3', 'Steamy', 'Bahamas', 'Brazil', 42.1, false),

	('TaoTronics Max Lithium-Ion Cordless Fuel Generator', 'Massa massa ultricies mi quis. Hendrerit gravida rutrum quisque non tellus orci ac. Ut aliquam purus sit amet luctus. Molestie ac feugiat sed lectus. Sollicitudin aliquam ultrices sagittis orci. Enim praesent elementum facilisis leo vel fringilla. Consectetur adipiscing elit duis tristique sollicitudin nibh sit amet commodo. Urna nunc id cursus metus aliquam eleifend. Turpis massa sed elementum tempus egestas sed. Enim eu turpis egestas pretium. Tristique sollicitudin nibh sit amet commodo nulla. Est pellentesque elit ullamcorper dignissim cras. Eu sem integer vitae justo eget magna fermentum iaculis. Et tortor at risus viverra adipiscing at. Ipsum dolor sit amet consectetur adipiscing. Iaculis at erat pellentesque adipiscing commodo elit.', LOAD_FILE( CONCAT( @absolute_path, '/images/hometools/hometools_2.jpg' ) ), 4.04, 800.0, 17853, 4758, 'HomeTools', 'TaoTronics', '2012-9-18', 'GatoCetic', 'Brazil', 'China', 46.42, false),

	('Malwarebytes Total Security 2022', 'Massa massa ultricies mi quis. Hendrerit gravida rutrum quisque non tellus orci ac. Ut aliquam purus sit amet luctus. Molestie ac feugiat sed lectus. Sollicitudin aliquam ultrices sagittis orci. Enim praesent elementum facilisis leo vel fringilla. Consectetur adipiscing elit duis tristique sollicitudin nibh sit amet commodo. Urna nunc id cursus metus aliquam eleifend. Turpis massa sed elementum tempus egestas sed. Enim eu turpis egestas pretium. Tristique sollicitudin nibh sit amet commodo nulla. Est pellentesque elit ullamcorper dignissim cras. Eu sem integer vitae justo eget magna fermentum iaculis. Et tortor at risus viverra adipiscing at. Ipsum dolor sit amet consectetur adipiscing. Iaculis at erat pellentesque adipiscing commodo elit.', LOAD_FILE( CONCAT( @absolute_path, '/images/software/software_5.jpg' ) ), 4.7, 800.0, 6368, 4889, 'Software', 'Malwarebytes', '2017-5-10', 'GnomeBinder', 'Bahamas', 'China', 46.42, false),

	('APEX FPV Stabilized 4K HD 2-Axis Drone', 'Godfather ipsum dolor sit amet. What\'s the matter with you? Is this what you\'ve become, a Hollywood finocchio who cries like a woman? "Oh, what do I do? What do I do?" What is that nonsense? Ridiculous! My father\'s name was Antonio Andolini... and this is for you. I\'m your older brother, Mike, and I was stepped over! In Sicily, women are more dangerous than shotguns. Hey, listen, I want somebody good - and I mean very good - to plant that gun. I don\'t want my brother coming out of that toilet with just his dick in his hands, alright?\n\nYour enemies always get strong on what you leave behind. don\'t ever give an order like that again. Not while I\'m alive. When they come... they come at what you love. I have a sentimental weakness for my children and I spoil them, as you can see. They talk when they should listen. Mr Corleone is Johnny Fontane\'s godfather. Now Italians regard that as a very close, a very sacred religious relationship.', LOAD_FILE( CONCAT( @absolute_path, '/images/toysdrones/toysdrones_2.jpg' ) ), 1.05, 719.6, 3114, 4518, 'ToysDrones', 'APEX FPV', '2010-2-22', 'Steamy', 'Brazil', 'Australia', 36.41, true);